{"cameraMode":{"drawMode":0,"name":"Shaded","section":"Shading Mode"},"sceneLighting":true,"audioPlay":false,"sceneViewState":{"m_AlwaysRefresh":false,"showFog":true,"showSkybox":true,"showFlares":true,"showImageEffects":true,"showParticleSystems":true,"showVisualEffectGraphs":true,"m_FxEnabled":true},"in2DMode":false,"pivot":{"x":3.8866617679595949,"y":1.274976134300232,"z":2.8562166690826418},"rotation":{"x":0.01903693750500679,"y":-0.957990288734436,"z":0.2785889506340027,"w":0.06546397507190705},"size":0.05646420642733574,"orthographic":false}